Date,AGG,SPY,GLD,HYG
2018-01-02,102.67609405517578,258.8582763671875,125.1500015258789,78.06938171386719
2018-01-03,102.68548583984375,260.49554443359375,124.81999969482422,78.44481658935547
2018-01-04,102.61964416503906,261.5934753417969,125.45999908447266,78.57887268066406
2018-01-05,102.5538330078125,263.33673095703125,125.33000183105469,78.6325454711914
2018-01-08,102.525634765625,263.8183288574219,125.30999755859375,78.5699691772461
2018-01-09,102.24343872070312,264.4154052734375,124.7300033569336,78.32862091064453
2018-01-10,102.24343872070312,264.010986328125,125.02999877929688,78.15877532958984
2018-01-11,102.29047393798828,265.9371643066406,125.44000244140625,78.4179916381836
2018-01-12,102.27168273925781,267.67083740234375,126.95999908447266,78.28392028808594
2018-01-16,102.29987335205078,266.7558288574219,127.16999816894531,78.23921966552734
2018-01-17,102.18702697753906,269.2984619140625,126.13999938964844,78.24816131591797
2018-01-18,101.96131134033203,268.8458251953125,125.86000061035156,78.1677017211914
2018-01-19,101.74496459960938,270.0689697265625,126.41999816894531,78.24816131591797
2018-01-22,101.70735168457031,272.264892578125,126.6500015258789,78.31968688964844
2018-01-23,101.95188903808594,272.8427734375,127.27999877929688,78.55207061767578
2018-01-24,101.84844207763672,272.7368469238281,128.8300018310547,78.43586730957031
2018-01-25,102.11177825927734,272.85235595703125,127.97000122070312,78.3822250366211
2018-01-26,101.9236831665039,276.01141357421875,128.07000732421875,78.44481658935547
2018-01-29,101.74496459960938,274.18145751953125,127.3499984741211,78.1677017211914
2018-01-30,101.5851058959961,271.36920166015625,126.80000305175781,77.8995590209961
2018-01-31,101.66974639892578,271.5040283203125,127.6500015258789,78.03362274169922
2018-02-01,101.35111999511719,271.19580078125,128.07000732421875,77.88642120361328
2018-02-02,101.04948425292969,265.2919006347656,126.38999938964844,77.39275360107422
2018-02-05,101.45482635498047,254.19671630859375,126.70999908447266,76.96187591552734
2018-02-06,101.16259765625,259.2049865722656,125.37999725341797,77.42864227294922
2018-02-07,100.9363784790039,257.798828125,124.79000091552734,77.14138793945312
2018-02-08,100.76670837402344,248.1290740966797,124.9800033569336,76.46818542480469
2018-02-09,100.6347427368164,251.8563232421875,124.7699966430664,76.25273895263672
2018-02-12,100.66300201416016,255.55474853515625,125.37000274658203,76.77337646484375
2018-02-13,100.69129180908203,256.1903991699219,126.08000183105469,76.53102111816406
2018-02-14,100.35194396972656,259.6480407714844,128.22999572753906,76.66567993164062
2018-02-15,100.47449493408203,262.96112060546875,128.3800048828125,77.2850112915039
2018-02-16,100.67243957519531,263.03814697265625,127.95999908447266,77.59918975830078
2018-02-20,100.5687484741211,261.3912048339844,126.23999786376953,77.32989501953125
2018-02-21,100.2482681274414,260.0910339355469,125.66000366210938,76.9798355102539
2018-02-22,100.25770568847656,260.42816162109375,126.30000305175781,77.03370666503906
2018-02-23,100.51217651367188,264.57916259765625,126.13999938964844,77.54531860351562
2018-02-26,100.58760070800781,267.65155029296875,126.44999694824219,77.6799545288086
2018-02-27,100.37078857421875,264.30950927734375,125.12999725341797,77.4735107421875
2018-02-28,100.64417266845703,261.6320495605469,125.0,77.35684204101562
2018-03-01,100.73390197753906,257.8276672363281,124.72000122070312,76.84404754638672
2018-03-02,100.57330322265625,259.15679931640625,125.38999938964844,77.27661895751953
2018-03-05,100.51663970947266,262.1521301269531,125.18000030517578,77.27661895751953
2018-03-06,100.5355224609375,262.8166809082031,126.52999877929688,77.3847427368164
2018-03-07,100.51663970947266,262.72039794921875,125.72000122070312,77.19552612304688
2018-03-08,100.67723846435547,263.9916687011719,125.41999816894531,77.28564453125
2018-03-09,100.4883041381836,268.5857849121094,125.54000091552734,77.56499481201172
2018-03-12,100.54496002197266,268.2486877441406,125.54000091552734,77.43883514404297
2018-03-13,100.67723846435547,266.51507568359375,125.77999877929688,77.19552612304688
2018-03-14,100.84727478027344,265.14739990234375,125.69999694824219,77.10540771484375
2018-03-15,100.8567123413086,264.85845947265625,124.9000015258789,77.15947723388672
2018-03-16,100.80003356933594,265.1457214355469,124.5999984741211,77.3216781616211
2018-03-19,100.69612121582031,261.55816650390625,124.87000274658203,77.00625610351562
2018-03-20,100.5355224609375,262.0030212402344,124.30999755859375,77.15947723388672
2018-03-21,100.52609252929688,261.50018310546875,126.4800033569336,77.1865005493164
2018-03-22,100.71501159667969,254.96337890625,125.9800033569336,76.7269058227539
2018-03-23,100.71501159667969,249.52896118164062,127.61000061035156,76.52864837646484
2018-03-26,100.67723846435547,256.3558654785156,128.27999877929688,77.0242919921875
2018-03-27,100.97008514404297,251.99478149414062,127.48999786376953,76.95221710205078
2018-03-28,101.02677917480469,251.25015258789062,125.7300033569336,76.91613006591797
2018-03-29,101.31962585449219,254.46058654785156,125.79000091552734,77.177490234375
2018-04-02,101.21832275390625,248.96810913085938,127.26000213623047,76.87797546386719
2018-04-03,101.10467529296875,252.1591796875,126.30000305175781,77.09515380859375
2018-04-04,101.14257049560547,254.85704040527344,126.44999694824219,77.26708221435547
2018-04-05,101.0005111694336,256.86834716796875,125.80000305175781,77.3304214477539
2018-04-06,101.22779846191406,251.143798828125,126.38999938964844,77.15847778320312
2018-04-09,101.31300354003906,252.3815460205078,126.81999969482422,77.44802856445312
2018-04-10,101.23725128173828,256.3945617675781,127.12000274658203,77.72856903076172
2018-04-11,101.32245635986328,255.05044555664062,128.11000061035156,77.75572204589844
2018-04-12,101.09520721435547,257.1487731933594,126.62000274658203,78.03620910644531
2018-04-13,101.12364196777344,256.3945617675781,127.44999694824219,78.08145141601562
2018-04-16,101.14257049560547,258.50250244140625,127.62999725341797,78.1990966796875
2018-04-17,101.17096710205078,261.2680969238281,127.75,78.23528289794922
2018-04-18,100.88693237304688,261.46148681640625,127.8499984741211,78.15384674072266
2018-04-19,100.64073944091797,260.0110778808594,127.5999984741211,77.90953063964844
2018-04-20,100.36616516113281,257.8063049316406,126.62999725341797,77.71952819824219
2018-04-23,100.31879425048828,257.76763916015625,125.62000274658203,77.51139068603516
2018-04-24,100.18623352050781,254.2962188720703,126.2300033569336,77.35755920410156
2018-04-25,100.05367279052734,254.92469787597656,125.41000366210938,77.36663055419922
2018-04-26,100.22412109375,257.5162353515625,124.97000122070312,77.63807678222656
2018-04-27,100.34721374511719,257.7579650878906,125.5,77.60186004638672
2018-04-30,100.36616516113281,255.7756805419922,124.58999633789062,77.5475845336914
2018-05-01,100.28074645996094,256.23016357421875,123.70999908447266,77.60484313964844
2018-05-02,100.28074645996094,254.50894165039062,123.6500015258789,77.57759094238281
2018-05-03,100.39459991455078,253.9480438232422,124.27999877929688,77.5684814453125
2018-05-04,100.4610595703125,257.2358093261719,124.54000091552734,77.62300109863281
2018-05-07,100.4135971069336,258.1061096191406,124.56999969482422,77.69570922851562
2018-05-08,100.29972076416016,258.1061096191406,124.58999633789062,77.57759094238281
2018-05-09,100.18582916259766,260.60089111328125,124.33000183105469,77.70479583740234
2018-05-10,100.4135971069336,263.0376281738281,125.18000030517578,77.93195343017578
2018-05-11,100.4610595703125,263.8402099609375,125.0,77.90471649169922
2018-05-14,100.36616516113281,263.9659729003906,124.48999786376953,77.92289733886719
2018-05-15,99.92013549804688,262.1480407714844,122.4800033569336,77.54122161865234
2018-05-16,99.80622100830078,263.2503662109375,122.29000091552734,77.64117431640625
2018-05-17,99.67337799072266,263.02801513671875,122.36000061035156,77.68661499023438
2018-05-18,99.92959594726562,262.3704833984375,122.41000366210938,77.60484313964844
2018-05-21,99.9390869140625,264.34307861328125,122.4800033569336,77.7138671875
2018-05-22,99.9390869140625,263.608154296875,122.41000366210938,77.76841735839844
2018-05-23,100.21430206298828,264.3334045410156,122.54000091552734,77.8320083618164
2018-05-24,100.48950958251953,263.79193115234375,123.58999633789062,77.87744903564453
2018-05-25,100.70780181884766,263.16339111328125,123.20999908447266,77.75022888183594
2018-05-29,101.37208557128906,260.1366882324219,123.19000244140625,77.42308807373047
2018-05-30,101.1158676147461,263.608154296875,123.37000274658203,77.65937805175781
2018-05-31,101.03044891357422,261.9933166503906,123.0999984741211,77.58665466308594
2018-06-01,100.90585327148438,264.5655212402344,122.48999786376953,77.76376342773438
2018-06-04,100.66804504394531,265.8226013183594,122.37000274658203,77.92806243896484
2018-06-05,100.74412536621094,266.0159606933594,122.8499984741211,78.01934051513672
2018-06-06,100.51583099365234,268.2400207519531,122.91999816894531,78.2110366821289
2018-06-07,100.734619140625,268.21099853515625,122.86000061035156,78.2384262084961
2018-06-08,100.59192657470703,269.0039367675781,123.01000213623047,78.19277954101562
2018-06-11,100.4873046875,269.36175537109375,123.2300033569336,78.33883666992188
2018-06-12,100.51583099365234,269.7098388671875,122.81999969482422,78.40272521972656
2018-06-13,100.42071533203125,268.84918212890625,123.19000244140625,78.43012237548828
2018-06-14,100.67755126953125,269.526123046875,123.37999725341797,78.65831756591797
2018-06-15,100.71556854248047,269.1822509765625,121.33999633789062,78.61268615722656
2018-06-18,100.734619140625,268.6286315917969,121.11000061035156,78.60356140136719
2018-06-19,100.8392562866211,267.5989990234375,120.80000305175781,78.49400329589844
2018-06-20,100.64900207519531,268.0555114746094,120.26000213623047,78.5761489868164
2018-06-21,100.67755126953125,266.3751220703125,120.05000305175781,78.411865234375
2018-06-22,100.77265930175781,266.86077880859375,120.33999633789062,78.42097473144531
2018-06-25,100.71556854248047,263.2280578613281,119.88999938964844,78.2384262084961
2018-06-26,100.87728118896484,263.8108825683594,119.26000213623047,78.22928619384766
2018-06-27,101.05802154541016,261.6253662109375,118.58000183105469,78.06497192382812
2018-06-28,101.04852294921875,263.1211853027344,118.22000122070312,77.84590911865234
2018-06-29,101.13411712646484,263.5000305175781,118.6500015258789,77.66334533691406
2018-07-02,101.037841796875,264.06341552734375,117.45999908447266,77.73761749267578
2018-07-03,101.24756622314453,263.13092041015625,118.6500015258789,77.74677276611328
2018-07-05,101.34288787841797,265.27752685546875,119.05000305175781,78.04019927978516
2018-07-06,101.44775390625,267.52130126953125,118.86000061035156,78.24192810058594
2018-07-09,101.35242462158203,269.93017578125,119.1500015258789,78.36112976074219
2018-07-10,101.27615356445312,270.9014587402344,118.93000030517578,78.37030029296875
2018-07-11,101.31428527832031,268.9200134277344,117.63999938964844,78.25108337402344
2018-07-12,101.4382095336914,271.3580017089844,118.12999725341797,78.49864196777344
2018-07-13,101.5335693359375,271.57171630859375,117.61000061035156,78.49864196777344
2018-07-16,101.41915130615234,271.3288879394531,117.55000305175781,78.44365692138672
2018-07-17,101.38102722167969,272.4264831542969,116.27999877929688,78.47118377685547
2018-07-18,101.35242462158203,272.99957275390625,116.30999755859375,78.50784301757812
2018-07-19,101.50495147705078,271.9699401855469,115.80999755859375,78.47118377685547
2018-07-20,101.30476379394531,271.65911865234375,116.55999755859375,78.50784301757812
2018-07-23,100.95205688476562,272.1641845703125,116.0,78.48030090332031
2018-07-24,101.09503936767578,273.53375244140625,116.04000091552734,78.64537811279297
2018-07-25,101.10458374023438,275.86492919921875,116.68000030517578,78.7920913696289
2018-07-26,101.04737854003906,275.21417236328125,115.7699966430664,78.80125427246094
2018-07-27,101.1236572265625,273.3492431640625,115.83000183105469,78.77373504638672
2018-07-30,101.0187759399414,271.9214172363281,115.6500015258789,78.80125427246094
2018-07-31,101.10458374023438,273.2617492675781,115.98999786376953,78.96630859375
2018-08-01,101.00040435791016,272.8052673339844,115.13999938964844,79.03719329833984
2018-08-02,101.03864288330078,274.2914123535156,114.5199966430664,79.08325958251953
2018-08-03,101.2584228515625,275.4667053222656,114.91999816894531,79.14768981933594
2018-08-06,101.32530212402344,276.47686767578125,114.33000183105469,79.2950439453125
2018-08-07,101.14375305175781,277.389892578125,114.58999633789062,79.33187866210938
2018-08-08,101.14375305175781,277.2733459472656,114.91000366210938,79.28581237792969
2018-08-09,101.2870864868164,276.8945617675781,114.73999786376953,79.23057556152344
2018-08-10,101.5068588256836,275.0393371582031,114.69000244140625,79.09246063232422
2018-08-13,101.56417846679688,274.0097351074219,112.95999908447266,79.03719329833984
2018-08-14,101.46866607666016,275.7580871582031,113.06999969482422,79.17534637451172
2018-08-15,101.61196899414062,273.69891357421875,111.19000244140625,79.03719329833984
2018-08-16,101.6692886352539,275.9135437011719,111.0999984741211,79.13849639892578
2018-08-17,101.72663879394531,276.8848571777344,112.12999725341797,79.23057556152344
2018-08-20,101.92730712890625,277.47735595703125,112.69000244140625,79.26744079589844
2018-08-21,101.84130859375,278.12811279296875,113.0199966430664,79.38713836669922
2018-08-22,101.92730712890625,277.9629821777344,113.2699966430664,79.41476440429688
2018-08-23,101.86996459960938,277.59393310546875,112.19999694824219,79.40554809570312
2018-08-24,101.98464965820312,279.2645568847656,114.16000366210938,79.54368591308594
2018-08-27,101.85086822509766,281.469482421875,114.58999633789062,79.57130432128906
2018-08-28,101.65973663330078,281.6054382324219,113.68000030517578,79.53445434570312
2018-08-29,101.64065551757812,283.1206970214844,114.19999694824219,79.48843383789062
2018-08-30,101.68840789794922,281.97454833984375,113.63999938964844,79.4239730834961
2018-08-31,101.67884063720703,281.9842529296875,113.51000213623047,79.5252685546875
2018-09-04,101.56587219238281,281.49859619140625,112.93000030517578,79.35970306396484
2018-09-05,101.51799774169922,280.740966796875,113.31999969482422,79.27648162841797
2018-09-06,101.69036865234375,279.89593505859375,113.54000091552734,79.34123229980469
2018-09-07,101.3264389038086,279.35198974609375,113.2300033569336,79.25798797607422
2018-09-10,101.42221069335938,279.837646484375,113.1500015258789,79.41520690917969
2018-09-11,101.24983978271484,280.7603454589844,113.22000122070312,79.4336929321289
2018-09-12,101.31687927246094,280.8283996582031,114.16999816894531,79.61865234375
2018-09-13,101.3838882446289,282.4893493652344,113.76000213623047,79.76663970947266
2018-09-14,101.19239044189453,282.53790283203125,113.0199966430664,79.84063720703125
2018-09-17,101.19239044189453,281.04205322265625,113.61000061035156,79.78512573242188
2018-09-18,100.97213745117188,282.56707763671875,113.44000244140625,79.7759017944336
2018-09-19,100.7806167602539,282.8681945800781,113.87999725341797,79.6279067993164
2018-09-20,100.9146499633789,285.1604919433594,114.2699966430664,79.73888397216797
2018-09-21,100.99128723144531,284.8999328613281,113.48999786376953,79.75737762451172
2018-09-24,100.89550018310547,283.9535217285156,113.47000122070312,79.72038269042969
2018-09-25,100.84762573242188,283.6900329589844,113.6500015258789,79.6556625366211
2018-09-26,101.0870361328125,282.8412170410156,113.05000305175781,79.73888397216797
2018-09-27,101.15406799316406,283.63153076171875,112.05000305175781,79.88688659667969
2018-09-28,101.04873657226562,283.66082763671875,112.76000213623047,79.9423599243164
2018-10-01,101.02185821533203,284.64630126953125,112.56999969482422,80.17367553710938
2018-10-02,101.13705444335938,284.48040771484375,113.87000274658203,80.10865020751953
2018-10-03,100.6570816040039,284.63653564453125,113.41999816894531,79.89496612548828
2018-10-04,100.36911010742188,282.4118957519531,113.4800033569336,79.5976791381836
2018-10-05,100.1483154296875,280.8312072753906,113.80000305175781,79.24466705322266
2018-10-08,100.10993194580078,280.8312072753906,112.54000091552734,79.06815338134766
2018-10-09,100.25393676757812,280.4214172363281,112.5999984741211,79.18891906738281
2018-10-10,100.22512817382812,271.5423889160156,112.87999725341797,78.62223052978516
2018-10-11,100.52271270751953,265.561279296875,115.77999877929688,78.68724822998047
2018-10-12,100.551513671875,269.2494812011719,115.2300033569336,79.10530090332031
2018-10-15,100.48430633544922,267.7370910644531,116.0,79.04956817626953
2018-10-16,100.54188537597656,273.59136962890625,115.80000305175781,79.3189697265625
2018-10-17,100.34033203125,273.64019775390625,115.79000091552734,79.16106414794922
2018-10-18,100.27311706542969,269.6885070800781,115.91999816894531,78.82659912109375
2018-10-19,100.18673706054688,269.54217529296875,116.01000213623047,78.87305450439453
2018-10-22,100.16754150390625,268.332275390625,115.70999908447266,78.91022491455078
2018-10-23,100.29232025146484,266.9662780761719,116.38999938964844,78.83592224121094
2018-10-24,100.551513671875,258.8775939941406,116.66000366210938,78.44571685791016
2018-10-25,100.46511840820312,263.5219421386719,116.4000015258789,78.60364532470703
2018-10-26,100.69549560546875,258.8872985839844,116.7699966430664,78.2506332397461
2018-10-29,100.58990478515625,257.4529724121094,116.30999755859375,78.17630767822266
2018-10-30,100.44590759277344,261.26806640625,115.80000305175781,78.36210632324219
2018-10-31,100.39790344238281,264.0586242675781,115.1500015258789,78.36210632324219
2018-11-01,100.651611328125,266.8686828613281,116.62999725341797,78.7215576171875
2018-11-02,100.35256958007812,265.28802490234375,116.6500015258789,78.67487335205078
2018-11-05,100.42008972167969,266.7516174316406,116.37000274658203,78.74021911621094
2018-11-06,100.42973327636719,268.4396057128906,116.04000091552734,78.94560241699219
2018-11-07,100.51655578613281,274.18658447265625,116.02999877929688,79.403076171875
2018-11-08,100.33326721191406,273.6889343261719,115.77999877929688,79.2070083618164
2018-11-09,100.45870208740234,271.0155029296875,114.4800033569336,78.75889587402344
2018-11-12,100.6227035522461,265.9515380859375,113.66000366210938,78.27340698242188
2018-11-13,100.66126251220703,265.4538879394531,113.69999694824219,78.1427001953125
2018-11-14,100.67090606689453,263.63909912109375,114.63999938964844,77.99333190917969
2018-11-15,100.79631042480469,266.3905944824219,114.7699966430664,77.97465515136719
2018-11-16,100.96031188964844,267.0833740234375,115.62000274658203,77.74127197265625
2018-11-19,100.95065307617188,262.5657653808594,115.66999816894531,77.4985122680664
2018-11-20,100.91206359863281,257.7066650390625,115.66999816894531,77.25579071044922
2018-11-21,100.97960662841797,258.5848388671875,115.86000061035156,77.64789581298828
2018-11-23,100.95065307617188,256.85784912109375,115.7699966430664,77.21844482421875
2018-11-26,100.9313735961914,261.0046081542969,115.63999938964844,77.58255767822266
2018-11-27,100.96031188964844,261.88275146484375,114.94999694824219,77.54520416259766
2018-11-28,101.15322875976562,267.9126892089844,115.37999725341797,78.18939208984375
2018-11-29,101.20146942138672,267.3272705078125,115.73999786376953,78.2080307006836
2018-11-30,101.17253112792969,268.9567565917969,115.54000091552734,78.04936218261719
2018-12-03,101.33787536621094,272.51806640625,116.41000366210938,78.58954620361328
2018-12-04,101.6086196899414,263.6878662109375,117.12000274658203,78.10186767578125
2018-12-06,101.86003112792969,263.2878112792969,117.13999938964844,77.82990264892578
2018-12-07,101.99542236328125,257.17010498046875,118.08999633789062,77.67984771728516
2018-12-10,102.0631103515625,257.6579284667969,117.68000030517578,77.73611450195312
2018-12-11,102.09211730957031,257.7164611816406,117.54000091552734,77.87679290771484
2018-12-12,102.01475524902344,259.01416015625,117.79000091552734,78.1300048828125
2018-12-13,102.04376220703125,258.92633056640625,117.52999877929688,78.31756591796875
2018-12-14,102.07276153564453,254.14535522460938,117.05999755859375,77.98933410644531
2018-12-17,102.246826171875,249.15940856933594,117.87000274658203,77.48291778564453
2018-12-18,102.54718017578125,248.88621520996094,118.1500015258789,77.34249877929688
2018-12-19,102.64407348632812,245.15895080566406,117.43000030517578,76.64521789550781
2018-12-20,102.54718017578125,241.16827392578125,119.23999786376953,75.97618103027344
2018-12-21,102.49873352050781,236.22683715820312,118.72000122070312,75.59928131103516
2018-12-24,102.56656646728516,229.98504638671875,120.0199966430664,75.0339126586914
2018-12-26,102.37278747558594,241.60501098632812,119.66000366210938,76.29657745361328
2018-12-27,102.53748321533203,243.45989990234375,120.56999969482422,76.24946594238281
2018-12-28,102.91536712646484,243.14581298828125,121.05999755859375,76.36253356933594
2018-12-31,103.17696380615234,245.2755126953125,121.25,76.4190673828125
2019-01-02,103.25447082519531,245.53065490722656,121.33000183105469,76.31539916992188
2019-01-03,103.6807632446289,239.671630859375,122.43000030517578,76.35311889648438
2019-01-04,103.37074279785156,247.69961547851562,121.44000244140625,77.63459777832031
2019-01-07,103.19635009765625,249.6526336669922,121.86000061035156,78.3884506225586
2019-01-08,103.11882019042969,251.99819946289062,121.52999877929688,78.89727783203125
2019-01-09,103.20601654052734,253.1759033203125,122.30999755859375,78.99149322509766
2019-01-10,103.08975219726562,254.0690155029297,121.58999633789062,79.30245208740234
2019-01-11,103.23509979248047,254.16714477539062,121.80000305175781,79.04803466796875
2019-01-14,103.08975219726562,252.61651611328125,122.08999633789062,78.79363250732422
2019-01-15,103.10913848876953,255.51165771484375,121.87999725341797,79.05744934082031
2019-01-16,103.19635009765625,256.12994384765625,122.2699966430664,79.17994689941406
2019-01-17,103.11882019042969,258.0731506347656,122.11000061035156,79.39669036865234
2019-01-18,103.04130554199219,261.50811767578125,121.0199966430664,79.6228256225586
2019-01-22,103.12850189208984,257.9750061035156,121.44999694824219,79.09514617919922
2019-01-23,103.23509979248047,258.5148010253906,121.27999877929688,79.25532531738281
2019-01-24,103.40949249267578,258.6521911621094,121.08999633789062,79.34012603759766
2019-01-25,103.36105346679688,260.84075927734375,122.86000061035156,79.53801727294922
2019-01-28,103.30291748046875,258.85833740234375,123.29000091552734,79.41551208496094
2019-01-29,103.57421112060547,258.5148010253906,123.9800033569336,79.368408203125
2019-01-30,103.80673217773438,262.6072998046875,124.69000244140625,79.99974060058594
2019-01-31,104.11676788330078,264.9136047363281,124.75,80.19761657714844
2019-02-01,103.90115356445312,265.0412292480469,124.5,80.15880584716797
2019-02-04,103.81373596191406,266.9058837890625,123.95999908447266,80.34812927246094
2019-02-05,104.03714752197266,268.0247497558594,124.27999877929688,80.6321029663086
2019-02-06,103.97884368896484,267.6714172363281,123.44000244140625,80.55638122558594
2019-02-07,104.02742767333984,265.1197509765625,123.73999786376953,80.28186798095703
2019-02-08,104.26053619384766,265.443603515625,124.20999908447266,80.26293182373047
2019-02-11,104.1536865234375,265.5907897949219,123.5999984741211,80.30079650878906
2019-02-12,104.17312622070312,269.00616455078125,123.86000061035156,80.68889617919922
2019-02-13,103.98856353759766,269.87957763671875,123.37000274658203,80.5753173828125
2019-02-14,104.14398193359375,269.2809753417969,124.05999755859375,80.58477783203125
2019-02-15,104.22169494628906,272.21539306640625,124.80000305175781,80.84037780761719
2019-02-19,104.27995300292969,272.6864318847656,126.69999694824219,80.86875915527344
2019-02-20,104.28968048095703,273.23602294921875,126.4800033569336,80.93501281738281
2019-02-21,104.05656433105469,272.26446533203125,125.05000305175781,80.85929107666016
2019-02-22,104.3188247680664,273.9525146484375,125.5,81.02022552490234
2019-02-25,104.28968048095703,274.3254089355469,125.37000274658203,81.08648681640625
2019-02-26,104.40623474121094,274.129150390625,125.58000183105469,81.19059753417969
2019-02-27,104.18283081054688,274.0113830566406,124.69000244140625,81.21902465820312
2019-02-28,103.99828338623047,273.5010070800781,123.98999786376953,81.17166900634766
2019-03-01,103.829833984375,275.208740234375,121.87999725341797,81.40177154541016
2019-03-04,103.95641326904297,274.2076416015625,121.55999755859375,81.27818298339844
2019-03-05,104.02457427978516,273.834716796875,121.72000122070312,81.24014282226562
2019-03-06,104.18036651611328,272.1761169433594,121.61000061035156,81.10701751708984
2019-03-07,104.47248840332031,269.89923095703125,121.51000213623047,81.04995727539062
2019-03-08,104.60881042480469,269.35943603515625,122.83999633789062,80.9168472290039
2019-03-11,104.6185531616211,273.2655029296875,122.23999786376953,81.1830825805664
2019-03-12,104.81330108642578,274.2959899902344,122.9800033569336,81.32571411132812
2019-03-13,104.76461791992188,276.1116027832031,123.83999633789062,81.54440307617188
2019-03-14,104.60881042480469,275.9349670410156,122.41000366210938,81.48735046386719
2019-03-15,104.87173461914062,277.2982177734375,122.97000122070312,81.56341552734375
2019-03-18,104.85224914550781,278.30364990234375,123.04000091552734,81.5348892211914
2019-03-19,104.7938461303711,278.3726806640625,123.37999725341797,81.58245849609375
2019-03-20,105.2222671508789,277.5347900390625,124.18000030517578,81.93424224853516
2019-03-21,105.24174499511719,280.6694641113281,123.68000030517578,81.91523742675781
2019-03-22,105.767578125,275.267578125,123.97000122070312,81.62046813964844
2019-03-25,105.96232604980469,275.0605773925781,124.91999816894531,81.59192657470703
2019-03-26,105.9817886352539,277.1109313964844,124.30000305175781,81.79164123535156
2019-03-27,106.20574188232422,275.6618957519531,123.6500015258789,81.84866333007812
2019-03-28,106.2154769897461,276.706787109375,121.9000015258789,82.01032257080078
2019-03-29,106.20574188232422,278.4515380859375,122.01000213623047,82.2195053100586
2019-04-01,105.71965789794922,281.75372314453125,121.52999877929688,82.19945526123047
2019-04-02,105.83679962158203,281.8917541503906,121.9800033569336,82.23765563964844
2019-04-03,105.6415786743164,282.3353271484375,121.80000305175781,82.26628875732422
2019-04-04,105.71965789794922,283.0845031738281,122.11000061035156,82.39044952392578
2019-04-05,105.79774475097656,284.4547119140625,121.9800033569336,82.54325866699219
2019-04-08,105.74893951416016,284.6715393066406,122.51000213623047,82.49552154541016
2019-04-09,105.8075180053711,283.212646484375,123.1500015258789,82.4382095336914
2019-04-10,106.01248931884766,284.1787109375,123.52999877929688,82.80111694335938
2019-04-11,105.88558959960938,284.0998229980469,121.94999694824219,82.92527770996094
2019-04-12,105.68061065673828,286.02203369140625,121.83000183105469,83.04942321777344
2019-04-15,105.6611099243164,285.8347473144531,121.5999984741211,82.99211883544922
2019-04-16,105.47563171386719,286.02203369140625,120.51000213623047,82.94436645507812
2019-04-17,105.46588134765625,285.3221435546875,120.27999877929688,82.74381256103516
2019-04-18,105.6025390625,285.8840026855469,120.37000274658203,82.78202819824219
2019-04-22,105.47563171386719,286.13043212890625,120.37000274658203,82.6387710571289
2019-04-23,105.6611099243164,288.7032165527344,120.12000274658203,82.92527770996094
2019-04-24,105.90511322021484,288.0625,120.47000122070312,82.8106689453125
2019-04-25,105.89535522460938,287.885009765625,120.56999969482422,82.84888458251953
2019-04-26,106.110107421875,289.2256774902344,121.37000274658203,83.05897521972656
2019-04-29,105.92462921142578,289.6790771484375,120.83000183105469,83.0207748413086
2019-04-30,105.99295806884766,289.82696533203125,121.19999694824219,83.03033447265625
2019-05-01,106.06144714355469,287.64849853515625,120.4000015258789,82.7579574584961
2019-05-02,105.82662200927734,287.0274658203125,119.94000244140625,82.81549835205078
2019-05-03,106.00274658203125,289.8368225097656,120.6500015258789,83.0264892578125
2019-05-06,106.13971710205078,288.6440734863281,120.80999755859375,83.06485748291016
2019-05-07,106.26692199707031,283.8238220214844,121.20999908447266,82.56613159179688
2019-05-08,106.24735260009766,283.42950439453125,120.91000366210938,82.59490203857422
2019-05-09,106.3060531616211,282.5718994140625,121.19999694824219,82.4702377319336
2019-05-10,106.32563018798828,283.99139404296875,121.43000030517578,82.70040893554688
2019-05-13,106.50172424316406,276.8546142578125,122.66999816894531,81.9427490234375
2019-05-14,106.58980560302734,279.3583984375,122.45999908447266,82.12496948242188
2019-05-15,106.77569580078125,280.9947204589844,122.38999938964844,82.20169830322266
2019-05-16,106.64850616455078,283.59710693359375,121.51000213623047,82.45105743408203
2019-05-17,106.6778564453125,281.7636413574219,120.6500015258789,82.42227172851562
2019-05-20,106.53108215332031,279.90057373046875,120.63999938964844,82.34554290771484
2019-05-21,106.52130889892578,282.424072265625,120.36000061035156,82.60449981689453
2019-05-22,106.69744110107422,281.5566101074219,120.23999786376953,82.67164611816406
2019-05-23,107.01054382324219,278.11639404296875,121.16999816894531,82.25924682617188
2019-05-24,107.04967498779297,278.7472839355469,121.30000305175781,82.14414978027344
2019-05-28,107.20620727539062,276.1547546386719,120.83000183105469,82.06742858886719
2019-05-29,107.23556518554688,274.30157470703125,120.87000274658203,81.8468246459961
2019-05-30,107.51930236816406,275.0507507324219,121.69000244140625,82.01946258544922
2019-05-31,108.01830291748047,271.3443298339844,123.33000183105469,81.42485046386719
2019-06-03,108.27328491210938,270.6543273925781,125.11000061035156,81.55587005615234
2019-06-04,108.17523956298828,276.52935791015625,125.1500015258789,82.37480163574219
2019-06-05,108.11637878417969,278.9246826171875,125.47000122070312,82.56749725341797
2019-06-06,108.09677124023438,280.7384338378906,125.87999725341797,82.74091339111328
2019-06-07,108.40079498291016,283.54779052734375,126.58999633789062,82.952880859375
2019-06-10,108.11637878417969,284.8489990234375,125.33000183105469,83.078125
2019-06-11,108.09677124023438,284.7799987792969,125.18000030517578,83.19374084472656
2019-06-12,108.23406982421875,284.27728271484375,125.83000183105469,83.00105285644531
2019-06-13,108.46945190429688,285.45025634765625,126.5999984741211,83.19374084472656
2019-06-14,108.44002532958984,285.1348571777344,126.55999755859375,83.13593292236328
2019-06-17,108.41060638427734,285.2432556152344,126.4800033569336,83.01068878173828
2019-06-18,108.70482635498047,288.2300720214844,127.12000274658203,83.58873748779297
2019-06-19,109.07750701904297,288.8806457519531,127.88999938964844,83.9837646484375
2019-06-20,109.26384735107422,291.6407165527344,131.11000061035156,84.40768432617188
2019-06-21,108.97943878173828,291.216796875,131.97999572753906,84.13792419433594
2019-06-24,109.17557525634766,290.8601989746094,133.94000244140625,84.1282958984375
2019-06-25,109.19519805908203,288.0074768066406,134.1999969482422,83.77180480957031
2019-06-26,108.95000457763672,287.7201843261719,132.97000122070312,83.7332763671875
2019-06-27,109.25403594970703,288.7404479980469,132.83999633789062,83.9645004272461
2019-06-28,109.20499420166016,290.2262268066406,133.1999969482422,83.99339294433594
2019-07-01,109.28559112548828,292.861083984375,130.6199951171875,84.01856231689453
2019-07-02,109.4822006225586,293.623779296875,133.41000366210938,84.20243835449219
2019-07-03,109.65911865234375,295.9713439941406,133.6300048828125,84.52176666259766
2019-07-05,109.19712829589844,295.6345520019531,132.13999938964844,84.1830825805664
2019-07-08,109.1381607055664,294.0101013183594,131.2899932861328,84.01856231689453
2019-07-09,109.10867309570312,294.3765869140625,131.75,83.92178344726562
2019-07-10,109.18731689453125,295.7831115722656,133.8300018310547,84.15404510498047
2019-07-11,108.78428649902344,296.47650146484375,132.6999969482422,83.98953247070312
2019-07-12,108.90223693847656,297.8038024902344,133.52999877929688,84.1250228881836
2019-07-15,109.05951690673828,297.9028625488281,133.52999877929688,84.1830825805664
2019-07-16,108.94156646728516,296.9420471191406,132.39999389648438,84.00888061523438
2019-07-17,109.22663116455078,294.9213562011719,134.5800018310547,83.90242767333984
2019-07-18,109.40355682373047,296.00103759765625,136.47999572753906,83.94113159179688
2019-07-19,109.27576446533203,294.3567810058594,134.47000122070312,83.79596710205078
2019-07-22,109.41337585449219,295.079833984375,134.4499969482422,84.07662200927734
2019-07-23,109.30525970458984,297.1896667480469,133.69000244140625,84.22178649902344
2019-07-24,109.4625244140625,298.5863342285156,134.3699951171875,84.28953552246094
2019-07-25,109.2954330444336,297.15997314453125,133.4199981689453,84.17339324951172
2019-07-26,109.3150863647461,299.15093994140625,133.63999938964844,84.35726928710938
2019-07-29,109.3642349243164,298.60614013671875,134.52999877929688,84.2314682006836
2019-07-30,109.35441589355469,297.8731384277344,134.97999572753906,84.27017211914062
2019-07-31,109.40355682373047,294.6142883300781,133.2100067138672,84.1250228881836
2019-08-01,110.26073455810547,292.048828125,136.41000366210938,84.08322143554688
2019-08-02,110.3001480102539,289.849853515625,135.88999938964844,83.9568862915039
2019-08-05,110.78292846679688,281.1331481933594,137.7899932861328,83.08223724365234
2019-08-06,111.07849884033203,285.0754699707031,138.91000366210938,83.61674499511719
2019-08-07,111.01939392089844,285.2438659667969,141.02000427246094,83.60701751708984
2019-08-08,111.12777709960938,290.8403625488281,141.72999572753906,83.93743896484375
2019-08-09,110.97998046875,288.8592834472656,141.25999450683594,83.82083129882812
2019-08-12,111.38394165039062,285.3429260253906,142.6300048828125,83.5292739868164
2019-08-13,111.22628784179688,289.7804870605469,141.77999877929688,83.89857482910156
2019-08-14,111.57113647460938,281.2123718261719,142.75,83.15026092529297
2019-08-15,112.08348846435547,281.9552917480469,143.6999969482422,83.3932113647461
2019-08-16,111.99479675292969,286.1155090332031,142.77999877929688,83.67505645751953
2019-08-19,111.69922637939453,289.56256103515625,141.11000061035156,83.91800689697266
2019-08-20,112.00464630126953,287.34381103515625,142.2100067138672,83.98603820800781
2019-08-21,111.94554138183594,289.68145751953125,141.75999450683594,84.34562683105469
2019-08-22,111.64995574951172,289.59228515625,141.39999389648438,84.50110626220703
2019-08-23,112.10317993164062,282.1534118652344,144.1699981689453,84.11238861083984
2019-08-26,112.05391693115234,285.2735595703125,144.19000244140625,84.53026580810547
2019-08-27,112.40859985351562,284.1542663574219,145.57000732421875,84.49138641357422
2019-08-28,112.41846466064453,286.1551513671875,145.16000366210938,84.69548034667969
2019-08-29,112.3494873046875,289.8102111816406,144.1199951171875,84.78295135498047
2019-08-30,112.44801330566406,289.68145751953125,143.75,84.70519256591797
2019-09-03,112.42134857177734,287.9876403808594,145.75,84.46217346191406
2019-09-04,112.61886596679688,291.25640869140625,146.66000366210938,84.63785552978516
2019-09-05,112.13495635986328,295.0006103515625,143.13999938964844,84.96969604492188
2019-09-06,112.25346374511719,295.2284240722656,141.9199981689453,85.04776763916016
2019-09-09,111.77945709228516,295.37701416015625,141.38999938964844,85.13561248779297
2019-09-10,111.17705535888672,295.3077087402344,140.17999267578125,85.18441009521484
2019-09-11,111.1968002319336,297.4075927734375,141.02999877929688,85.17464447021484
2019-09-12,111.01905059814453,298.4377746582031,141.32000732421875,85.22345733642578
2019-09-13,110.3573989868164,298.2396545410156,140.14999389648438,85.0672836303711
2019-09-16,110.6536636352539,297.3184814453125,141.32000732421875,85.36984252929688
2019-09-17,110.8215560913086,298.0712585449219,141.60000610351562,85.41864013671875
2019-09-18,110.9499282836914,298.24957275390625,140.7100067138672,85.36984252929688
2019-09-19,111.1079330444336,298.229736328125,141.27999877929688,85.27225494384766
2019-09-20,111.5128173828125,296.8206787109375,142.9499969482422,85.37960052490234
2019-09-23,111.56220245361328,296.7510070800781,143.75,85.34056854248047
2019-09-24,111.86832427978516,294.4224548339844,144.50999450683594,85.22345733642578
2019-09-25,111.40418243408203,296.1639099121094,141.8300018310547,85.13561248779297
2019-09-26,111.5918197631836,295.54693603515625,141.7899932861328,85.07705688476562
2019-09-27,111.7300796508789,293.95477294921875,141.05999755859375,84.97945404052734
2019-09-30,111.75970458984375,295.31805419921875,138.8699951171875,85.07705688476562
2019-10-01,111.96260070800781,291.8053283691406,139.6300048828125,84.88106536865234
2019-10-02,112.0417709350586,286.6506652832031,141.25999450683594,84.38130187988281
2019-10-03,112.47727966308594,288.9991455078125,141.89999389648438,84.43030548095703
2019-10-04,112.65543365478516,292.909912109375,141.89999389648438,84.69487762451172
2019-10-07,112.34861755371094,291.6460876464844,140.69000244140625,84.62628936767578
2019-10-08,112.38819885253906,287.1183776855469,141.9199981689453,84.3127212524414
2019-10-09,112.32881927490234,289.844970703125,142.0500030517578,84.56748962402344
2019-10-10,111.94281005859375,291.8053283691406,140.80999755859375,84.67529296875
2019-10-11,111.57659912109375,294.8304443359375,140.02999877929688,85.02804565429688
2019-10-14,111.7646484375,294.5020751953125,140.58999633789062,85.08684539794922
2019-10-15,111.3984375,297.4177551269531,139.61000061035156,85.27303314208984
2019-10-16,111.59638977050781,296.9400939941406,140.41000366210938,85.20443725585938
2019-10-17,111.56668853759766,297.8157958984375,140.61000061035156,85.32202911376953
2019-10-18,111.6458740234375,296.51220703125,140.4600067138672,85.34162902832031
2019-10-21,111.33904266357422,298.5223083496094,139.7899932861328,85.37102508544922
2019-10-22,111.50730895996094,297.547119140625,140.1999969482422,85.39061737060547
2019-10-23,111.59638977050781,298.412841796875,140.52999877929688,85.46902465820312
2019-10-24,111.62608337402344,298.90045166015625,141.52999877929688,85.56700897216797
2019-10-25,111.46772003173828,300.12445068359375,141.86000061035156,85.63560485839844
2019-10-28,111.23017120361328,301.81610107421875,140.63999938964844,85.62580108642578
2019-10-29,111.24006652832031,301.7265319824219,140.25,85.46902465820312
2019-10-30,111.55679321289062,302.6520080566406,141.02000427246094,85.36123657226562
2019-10-31,111.99230194091797,301.845947265625,142.42999267578125,85.06724548339844
2019-11-01,112.02304077148438,304.6422424316406,142.55999755859375,85.43231964111328
2019-11-04,111.74530029296875,305.8662109375,142.14999389648438,85.60943603515625
2019-11-05,111.32867431640625,305.5278625488281,139.85000610351562,85.52088165283203
2019-11-06,111.49730682373047,305.5975341796875,140.4499969482422,85.42247772216797
2019-11-07,110.97157287597656,306.6722412109375,138.27000427246094,85.38311767578125
2019-11-08,110.91204833984375,307.42852783203125,137.38999938964844,85.46184539794922
2019-11-11,110.93187713623047,306.8414001464844,137.05999755859375,85.41264343261719
2019-11-12,111.05091857910156,307.48822021484375,137.42999267578125,85.43231964111328
2019-11-13,111.24931335449219,307.5877380371094,137.97999572753906,85.34376525878906
2019-11-14,111.56673431396484,308.0355224609375,138.55999755859375,85.2945556640625
2019-11-15,111.50723266601562,310.26458740234375,138.2100067138672,85.55040740966797
2019-11-18,111.71553802490234,310.4934387207031,138.6199951171875,85.44216918945312
2019-11-19,111.7948989868164,310.4039001464844,138.69000244140625,85.1371078491211
2019-11-20,112.06272888183594,309.2495422363281,138.75999450683594,84.95999145507812
2019-11-21,111.90400695800781,308.75201416015625,138.0,84.97966766357422
2019-11-22,111.96353149414062,309.4386291503906,137.74000549316406,85.30439758300781
2019-11-25,112.0726547241211,311.83685302734375,137.0800018310547,85.53072357177734
2019-11-26,112.23136138916016,312.5433654785156,137.74000549316406,85.62911987304688
2019-11-27,112.09248352050781,313.9365234375,137.00999450683594,85.73735809326172
2019-11-29,111.95361328125,312.7722473144531,137.86000061035156,85.55040740966797
2019-12-02,111.83032989501953,310.1153259277344,137.7899932861328,85.49211883544922
2019-12-03,112.33734893798828,308.0355224609375,139.11000061035156,85.37356567382812
2019-12-04,112.14845275878906,309.9361877441406,138.9199981689453,85.63041687011719
2019-12-05,112.01921844482422,310.4934387207031,139.0,85.75884246826172
2019-12-06,111.86016082763672,313.3294982910156,137.6199951171875,85.87739562988281
2019-12-09,111.91980743408203,312.3443603515625,137.5800018310547,85.87739562988281
2019-12-10,111.88004302978516,311.9960632324219,137.97000122070312,86.08484649658203
2019-12-11,112.17827606201172,312.8817138671875,138.9199981689453,86.26266479492188
2019-12-12,111.70109558105469,315.5784606933594,138.42999267578125,86.46025085449219
2019-12-13,112.14845275878906,315.76751708984375,139.0500030517578,86.54916381835938
2019-12-16,111.91980743408203,317.9368591308594,139.0399932861328,86.71710205078125
2019-12-17,111.92974090576172,318.00653076171875,139.00999450683594,86.98384094238281
2019-12-18,111.7110366821289,318.0263977050781,139.02000427246094,87.14189910888672
2019-12-19,111.83154296875,319.3299865722656,139.3800048828125,87.0962905883789
2019-12-20,111.85144805908203,320.7300109863281,139.52000427246094,86.9674072265625
2019-12-23,111.77178192138672,321.2200012207031,139.9499969482422,87.00706481933594
2019-12-24,111.91120147705078,321.2300109863281,141.27000427246094,87.07646942138672
2019-12-26,112.01078796386719,322.94000244140625,142.3800048828125,87.2053451538086
2019-12-27,112.16015625,322.8599853515625,142.3300018310547,87.16568756103516
2019-12-30,112.16015625,321.0799865722656,142.6300048828125,87.106201171875
2019-12-31,111.9012451171875,321.8599853515625,142.89999389648438,87.1855239868164
